"Status","Start Time","Stop Time","Duration in ms","Parent Suite","Suite","Sub Suite","Test Class","Test Method","Name","Description"
"passed","Thu Oct 01 12:21:25 UTC 2026","Thu Oct 01 12:21:26 UTC 2026","1032","chromium","products/products.spec.ts","Products Page","","","@regression All product names are visible","Every product must have a non-empty display name."
"passed","Thu Oct 01 12:21:37 UTC 2026","Thu Oct 01 12:21:38 UTC 2026","990","firefox","cart/cart.spec.ts","Shopping Cart","","","@regression Cart item prices match product page prices","The price shown in the cart should match the product listing price."
"passed","Thu Oct 01 12:21:07 UTC 2026","Thu Oct 01 12:21:08 UTC 2026","1172","firefox","checkout/checkout.spec.ts","Checkout Flow","","","@smoke Complete checkout step one with valid info","Filling in valid customer info should advance to the order overview page."
"passed","Thu Oct 01 12:21:17 UTC 2026","Thu Oct 01 12:21:18 UTC 2026","398","chromium","auth/login.spec.ts","Authentication","","","@regression Error message can be dismissed","The error banner should be closable via the X button."
"passed","Thu Oct 01 12:21:44 UTC 2026","Thu Oct 01 12:21:46 UTC 2026","1371","firefox","checkout/checkout.spec.ts","Checkout Flow","","","@regression Cart is empty after completing order","After completing an order the cart badge should be cleared."
"passed","Thu Oct 01 12:21:25 UTC 2026","Thu Oct 01 12:21:25 UTC 2026","462","chromium","products/products.spec.ts","Products Page","","","@regression All product prices are positive numbers","Every product price must be a positive numeric value."
"passed","Thu Oct 01 12:21:35 UTC 2026","Thu Oct 01 12:21:36 UTC 2026","718","firefox","auth/login.spec.ts","Authentication","","","@regression Cannot access inventory without login","Unauthenticated users should be redirected to login when accessing /inventory.html."
"passed","Thu Oct 01 12:21:38 UTC 2026","Thu Oct 01 12:21:39 UTC 2026","1113","firefox","cart/cart.spec.ts","Shopping Cart","","","@regression Remove item from cart","Removing the only item from the cart should leave it empty."
"passed","Thu Oct 01 12:21:22 UTC 2026","Thu Oct 01 12:21:22 UTC 2026","614","chromium","checkout/checkout.spec.ts","Checkout Flow","","","@regression Cancel on step one returns to cart","Cancelling on step one should navigate back to the cart."
"passed","Thu Oct 01 12:21:06 UTC 2026","Thu Oct 01 12:21:07 UTC 2026","1000","firefox","cart/cart.spec.ts","Shopping Cart","","","@smoke Items added from products page appear in cart","A product added on the inventory page should appear in the cart."
"passed","Thu Oct 01 12:21:47 UTC 2026","Thu Oct 01 12:21:48 UTC 2026","912","firefox","products/products.spec.ts","Products Page","","","@regression Sort products Z to A","Selecting Z-A sort should reorder products alphabetically descending."
"passed","Thu Oct 01 12:21:37 UTC 2026","Thu Oct 01 12:21:38 UTC 2026","1217","firefox","cart/cart.spec.ts","Shopping Cart","","","@regression Multiple items added appear in cart","Two products added from inventory should both appear as cart items."
"passed","Thu Oct 01 12:21:03 UTC 2026","Thu Oct 01 12:21:05 UTC 2026","2098","firefox","auth/login.spec.ts","Authentication","","","@smoke Login with valid standard user credentials","Verifies that a valid user can log in and land on the inventory page."
"passed","Thu Oct 01 12:21:39 UTC 2026","Thu Oct 01 12:21:40 UTC 2026","1039","firefox","cart/cart.spec.ts","Shopping Cart","","","@regression Continue Shopping returns to products page","Continue Shopping button should navigate back to the inventory page."
"passed","Thu Oct 01 12:21:15 UTC 2026","Thu Oct 01 12:21:21 UTC 2026","5705","chromium","auth/login.spec.ts","Authentication","","","@regression Login with performance glitch user completes eventually","Performance glitch user experiences a delay but should still reach inventory."
"passed","Thu Oct 01 12:21:19 UTC 2026","Thu Oct 01 12:21:20 UTC 2026","554","chromium","cart/cart.spec.ts","Shopping Cart","","","@regression Remove item from cart","Removing the only item from the cart should leave it empty."
"passed","Thu Oct 01 12:21:18 UTC 2026","Thu Oct 01 12:21:18 UTC 2026","350","chromium","auth/login.spec.ts","Authentication","","","@regression Cannot access cart without login","Unauthenticated users should be redirected to login when accessing /cart.html."
"passed","Thu Oct 01 12:21:21 UTC 2026","Thu Oct 01 12:21:21 UTC 2026","689","chromium","checkout/checkout.spec.ts","Checkout Flow","","","@regression Missing first name shows error","Submitting checkout without a first name should show a validation error."
"passed","Thu Oct 01 12:21:25 UTC 2026","Thu Oct 01 12:21:26 UTC 2026","571","chromium","products/products.spec.ts","Products Page","","","@regression Sort products A to Z","Selecting A-Z sort should reorder products alphabetically ascending."
"passed","Thu Oct 01 12:21:01 UTC 2026","Thu Oct 01 12:21:02 UTC 2026","1015","chromium","products/products.spec.ts","Products Page","","","@smoke Product list is visible","The product inventory list container should be visible on page load."
"passed","Thu Oct 01 12:21:27 UTC 2026","Thu Oct 01 12:21:28 UTC 2026","555","chromium","products/products.spec.ts","Products Page","","","@regression Remove product from cart updates badge","Removing the only cart item should clear the cart badge entirely."
"passed","Thu Oct 01 12:21:21 UTC 2026","Thu Oct 01 12:21:22 UTC 2026","728","chromium","checkout/checkout.spec.ts","Checkout Flow","","","@regression Missing postal code shows error","Submitting checkout without a postal code should show a validation error."
"passed","Thu Oct 01 12:21:28 UTC 2026","Thu Oct 01 12:21:28 UTC 2026","461","chromium","products/products.spec.ts","Products Page","","","@regression Clicking product name navigates to detail page","Clicking a product name should navigate to its detail page."
"passed","Thu Oct 01 12:21:08 UTC 2026","Thu Oct 01 12:21:09 UTC 2026","1161","firefox","checkout/checkout.spec.ts","Checkout Flow","","","@smoke Step two shows correct item in summary","The order overview should show the cart badge still reads 1 item."
"passed","Thu Oct 01 12:21:03 UTC 2026","Thu Oct 01 12:21:05 UTC 2026","1860","firefox","auth/login.spec.ts","Authentication","","","@smoke Login page displays logo","Verifies the Swag Labs logo is visible on the login page."
"passed","Thu Oct 01 12:20:57 UTC 2026","Thu Oct 01 12:20:58 UTC 2026","699","chromium","checkout/checkout.spec.ts","Checkout Flow","","","@smoke Step two shows correct item in summary","The order overview should show the cart badge still reads 1 item."
"passed","Thu Oct 01 12:21:18 UTC 2026","Thu Oct 01 12:21:19 UTC 2026","514","chromium","cart/cart.spec.ts","Shopping Cart","","","@regression Multiple items added appear in cart","Two products added from inventory should both appear as cart items."
"passed","Thu Oct 01 12:21:09 UTC 2026","Thu Oct 01 12:21:11 UTC 2026","1313","firefox","e2e/full-purchase.spec.ts","End-to-End Purchase Flows","","","@smoke @e2e Complete purchase of single item","Full happy-path journey: login → add item → checkout → confirm order."
"passed","Thu Oct 01 12:21:07 UTC 2026","Thu Oct 01 12:21:08 UTC 2026","1196","firefox","cart/cart.spec.ts","Shopping Cart","","","@smoke Checkout button navigates to checkout step one","Clicking Checkout should proceed to the first checkout step."
"passed","Thu Oct 01 12:21:40 UTC 2026","Thu Oct 01 12:21:41 UTC 2026","1334","firefox","checkout/checkout.spec.ts","Checkout Flow","","","@regression Missing last name shows error","Submitting checkout without a last name should show a validation error."
"passed","Thu Oct 01 12:21:43 UTC 2026","Thu Oct 01 12:21:44 UTC 2026","1291","firefox","checkout/checkout.spec.ts","Checkout Flow","","","@regression Order total equals item total plus tax","The order total must be the mathematically correct sum of subtotal + tax."
"passed","Thu Oct 01 12:21:38 UTC 2026","Thu Oct 01 12:21:39 UTC 2026","1413","firefox","cart/cart.spec.ts","Shopping Cart","","","@regression Removing one item leaves others intact","Removing one item should not affect other items in the cart."
"passed","Thu Oct 01 12:20:57 UTC 2026","Thu Oct 01 12:20:57 UTC 2026","631","chromium","cart/cart.spec.ts","Shopping Cart","","","@smoke Checkout button navigates to checkout step one","Clicking Checkout should proceed to the first checkout step."
"passed","Thu Oct 01 12:20:55 UTC 2026","Thu Oct 01 12:20:56 UTC 2026","744","chromium","auth/login.spec.ts","Authentication","","","@smoke Login with valid standard user credentials","Verifies that a valid user can log in and land on the inventory page."
"passed","Thu Oct 01 12:21:27 UTC 2026","Thu Oct 01 12:21:28 UTC 2026","637","chromium","products/products.spec.ts","Products Page","","","@regression Add multiple products updates badge count","Adding 3 products should show a badge count of 3."
"passed","Thu Oct 01 12:21:32 UTC 2026","Thu Oct 01 12:21:33 UTC 2026","637","firefox","auth/login.spec.ts","Authentication","","","@regression Wrong username shows error","Entering an unrecognised username should show a credential mismatch error."
"passed","Thu Oct 01 12:21:47 UTC 2026","Thu Oct 01 12:21:48 UTC 2026","921","firefox","products/products.spec.ts","Products Page","","","@regression Sort products price low to high","Price low-to-high sort should order products by ascending price."
"passed","Thu Oct 01 12:21:26 UTC 2026","Thu Oct 01 12:21:27 UTC 2026","536","chromium","products/products.spec.ts","Products Page","","","@regression Sort products price low to high","Price low-to-high sort should order products by ascending price."
"passed","Thu Oct 01 12:21:02 UTC 2026","Thu Oct 01 12:21:02 UTC 2026","557","chromium","products/products.spec.ts","Products Page","","","@smoke Add one product to cart updates badge","Adding a product should increment the cart badge counter to 1."
"passed","Thu Oct 01 12:21:18 UTC 2026","Thu Oct 01 12:21:18 UTC 2026","343","chromium","auth/login.spec.ts","Authentication","","","@regression Cannot access inventory without login","Unauthenticated users should be redirected to login when accessing /inventory.html."
"passed","Thu Oct 01 12:21:22 UTC 2026","Thu Oct 01 12:21:23 UTC 2026","741","chromium","checkout/checkout.spec.ts","Checkout Flow","","","@regression Order overview displays item total","Item subtotal on overview should reflect the backpack price of $29.99."
"passed","Thu Oct 01 12:21:11 UTC 2026","Thu Oct 01 12:21:12 UTC 2026","928","firefox","products/products.spec.ts","Products Page","","","@smoke Product list is visible","The product inventory list container should be visible on page load."
"passed","Thu Oct 01 12:21:49 UTC 2026","Thu Oct 01 12:21:50 UTC 2026","907","firefox","products/products.spec.ts","Products Page","","","@regression Clicking product name navigates to detail page","Clicking a product name should navigate to its detail page."
"passed","Thu Oct 01 12:20:57 UTC 2026","Thu Oct 01 12:20:58 UTC 2026","711","chromium","checkout/checkout.spec.ts","Checkout Flow","","","@smoke Complete checkout step one with valid info","Filling in valid customer info should advance to the order overview page."
"passed","Thu Oct 01 12:21:23 UTC 2026","Thu Oct 01 12:21:24 UTC 2026","744","chromium","checkout/checkout.spec.ts","Checkout Flow","","","@regression Order total equals item total plus tax","The order total must be the mathematically correct sum of subtotal + tax."
"passed","Thu Oct 01 12:21:33 UTC 2026","Thu Oct 01 12:21:34 UTC 2026","624","firefox","auth/login.spec.ts","Authentication","","","@regression Empty credentials show username required error","Submitting the login form with no input should require a username."
"passed","Thu Oct 01 12:21:46 UTC 2026","Thu Oct 01 12:21:47 UTC 2026","864","firefox","products/products.spec.ts","Products Page","","","@regression All product prices are positive numbers","Every product price must be a positive numeric value."
"passed","Thu Oct 01 12:20:58 UTC 2026","Thu Oct 01 12:20:58 UTC 2026","752","chromium","checkout/checkout.spec.ts","Checkout Flow","","","@smoke Completing order shows success message","Finishing an order should display a thank-you confirmation message."
"passed","Thu Oct 01 12:21:27 UTC 2026","Thu Oct 01 12:21:27 UTC 2026","527","chromium","products/products.spec.ts","Products Page","","","@regression Sort products price high to low","Price high-to-low sort should order products by descending price."
"passed","Thu Oct 01 12:21:45 UTC 2026","Thu Oct 01 12:21:46 UTC 2026","864","firefox","products/products.spec.ts","Products Page","","","@regression All product names are visible","Every product must have a non-empty display name."
"passed","Thu Oct 01 12:21:43 UTC 2026","Thu Oct 01 12:21:44 UTC 2026","1218","firefox","checkout/checkout.spec.ts","Checkout Flow","","","@regression Order overview displays tax","The tax line should be present on the order overview page."
"passed","Thu Oct 01 12:21:11 UTC 2026","Thu Oct 01 12:21:12 UTC 2026","866","firefox","products/products.spec.ts","Products Page","","","@smoke Products page shows 6 products","The inventory page must display exactly 6 products."
"passed","Thu Oct 01 12:21:36 UTC 2026","Thu Oct 01 12:21:37 UTC 2026","756","firefox","auth/login.spec.ts","Authentication","","","@regression Cannot access cart without login","Unauthenticated users should be redirected to login when accessing /cart.html."
"passed","Thu Oct 01 12:21:23 UTC 2026","Thu Oct 01 12:21:24 UTC 2026","793","chromium","checkout/checkout.spec.ts","Checkout Flow","","","@regression Back to home after order returns to products page","Back Home button on the confirmation page should return to inventory."
"passed","Thu Oct 01 12:21:21 UTC 2026","Thu Oct 01 12:21:22 UTC 2026","639","chromium","checkout/checkout.spec.ts","Checkout Flow","","","@regression Missing last name shows error","Submitting checkout without a last name should show a validation error."
"passed","Thu Oct 01 12:21:24 UTC 2026","Thu Oct 01 12:21:25 UTC 2026","854","chromium","checkout/checkout.spec.ts","Checkout Flow","","","@regression Cart is empty after completing order","After completing an order the cart badge should be cleared."
"passed","Thu Oct 01 12:21:09 UTC 2026","Thu Oct 01 12:21:11 UTC 2026","1440","firefox","e2e/full-purchase.spec.ts","End-to-End Purchase Flows","","","@smoke @e2e Complete purchase of multiple items","Purchase flow with 3 items — verifies badge count, cart count, and subtotal calculation."
"passed","Thu Oct 01 12:21:34 UTC 2026","Thu Oct 01 12:21:34 UTC 2026","601","firefox","auth/login.spec.ts","Authentication","","","@regression Empty password shows password required error","Submitting with a username but no password should require a password."
"passed","Thu Oct 01 12:20:58 UTC 2026","Thu Oct 01 12:20:59 UTC 2026","1133","chromium","e2e/full-purchase.spec.ts","End-to-End Purchase Flows","","","@smoke @e2e Complete purchase of single item","Full happy-path journey: login → add item → checkout → confirm order."
"passed","Thu Oct 01 12:21:41 UTC 2026","Thu Oct 01 12:21:43 UTC 2026","1144","firefox","checkout/checkout.spec.ts","Checkout Flow","","","@regression Cancel on step one returns to cart","Cancelling on step one should navigate back to the cart."
"passed","Thu Oct 01 12:21:34 UTC 2026","Thu Oct 01 12:21:35 UTC 2026","687","firefox","auth/login.spec.ts","Authentication","","","@regression Error message can be dismissed","The error banner should be closable via the X button."
"passed","Thu Oct 01 12:20:58 UTC 2026","Thu Oct 01 12:21:00 UTC 2026","1213","chromium","e2e/full-purchase.spec.ts","End-to-End Purchase Flows","","","@smoke @e2e Complete purchase of multiple items","Purchase flow with 3 items — verifies badge count, cart count, and subtotal calculation."
"passed","Thu Oct 01 12:21:28 UTC 2026","Thu Oct 01 12:21:36 UTC 2026","7909","firefox","auth/login.spec.ts","Authentication","","","@regression Login with performance glitch user completes eventually","Performance glitch user experiences a delay but should still reach inventory."
"passed","Thu Oct 01 12:21:17 UTC 2026","Thu Oct 01 12:21:17 UTC 2026","350","chromium","auth/login.spec.ts","Authentication","","","@regression Empty password shows password required error","Submitting with a username but no password should require a password."
"passed","Thu Oct 01 12:21:16 UTC 2026","Thu Oct 01 12:21:17 UTC 2026","345","chromium","auth/login.spec.ts","Authentication","","","@regression Empty credentials show username required error","Submitting the login form with no input should require a username."
"passed","Thu Oct 01 12:21:16 UTC 2026","Thu Oct 01 12:21:16 UTC 2026","384","chromium","auth/login.spec.ts","Authentication","","","@regression Wrong password shows error","Entering an incorrect password should show a credential mismatch error."
"passed","Thu Oct 01 12:21:08 UTC 2026","Thu Oct 01 12:21:09 UTC 2026","1241","firefox","checkout/checkout.spec.ts","Checkout Flow","","","@smoke Completing order shows success message","Finishing an order should display a thank-you confirmation message."
"passed","Thu Oct 01 12:21:21 UTC 2026","Thu Oct 01 12:21:21 UTC 2026","600","chromium","cart/cart.spec.ts","Shopping Cart","","","@regression Continue Shopping returns to products page","Continue Shopping button should navigate back to the inventory page."
"passed","Thu Oct 01 12:21:06 UTC 2026","Thu Oct 01 12:21:07 UTC 2026","1157","firefox","cart/cart.spec.ts","Shopping Cart","","","@smoke Cart is empty on fresh login","A freshly logged-in user should have an empty cart."
"passed","Thu Oct 01 12:21:39 UTC 2026","Thu Oct 01 12:21:41 UTC 2026","1299","firefox","checkout/checkout.spec.ts","Checkout Flow","","","@regression Missing first name shows error","Submitting checkout without a first name should show a validation error."
"passed","Thu Oct 01 12:21:16 UTC 2026","Thu Oct 01 12:21:16 UTC 2026","351","chromium","auth/login.spec.ts","Authentication","","","@regression Wrong username shows error","Entering an unrecognised username should show a credential mismatch error."
"passed","Thu Oct 01 12:21:48 UTC 2026","Thu Oct 01 12:21:49 UTC 2026","1092","firefox","products/products.spec.ts","Products Page","","","@regression Add multiple products updates badge count","Adding 3 products should show a badge count of 3."
"passed","Thu Oct 01 12:21:32 UTC 2026","Thu Oct 01 12:21:32 UTC 2026","672","firefox","auth/login.spec.ts","Authentication","","","@regression Wrong password shows error","Entering an incorrect password should show a credential mismatch error."
"passed","Thu Oct 01 12:20:56 UTC 2026","Thu Oct 01 12:20:57 UTC 2026","532","chromium","cart/cart.spec.ts","Shopping Cart","","","@smoke Cart is empty on fresh login","A freshly logged-in user should have an empty cart."
"passed","Thu Oct 01 12:21:26 UTC 2026","Thu Oct 01 12:21:26 UTC 2026","574","chromium","products/products.spec.ts","Products Page","","","@regression Sort products Z to A","Selecting Z-A sort should reorder products alphabetically descending."
"passed","Thu Oct 01 12:21:46 UTC 2026","Thu Oct 01 12:21:47 UTC 2026","912","firefox","products/products.spec.ts","Products Page","","","@regression Sort products A to Z","Selecting A-Z sort should reorder products alphabetically ascending."
"passed","Thu Oct 01 12:20:56 UTC 2026","Thu Oct 01 12:20:57 UTC 2026","577","chromium","cart/cart.spec.ts","Shopping Cart","","","@smoke Items added from products page appear in cart","A product added on the inventory page should appear in the cart."
"passed","Thu Oct 01 12:21:15 UTC 2026","Thu Oct 01 12:21:15 UTC 2026","613","chromium","auth/login.spec.ts","Authentication","","","@regression Locked out user cannot login","Locked out user should see an error and remain on the login page."
"passed","Thu Oct 01 12:21:44 UTC 2026","Thu Oct 01 12:21:45 UTC 2026","1463","firefox","checkout/checkout.spec.ts","Checkout Flow","","","@regression Back to home after order returns to products page","Back Home button on the confirmation page should return to inventory."
"passed","Thu Oct 01 12:21:12 UTC 2026","Thu Oct 01 12:21:12 UTC 2026","903","firefox","products/products.spec.ts","Products Page","","","@smoke Add one product to cart updates badge","Adding a product should increment the cart badge counter to 1."
"passed","Thu Oct 01 12:21:22 UTC 2026","Thu Oct 01 12:21:23 UTC 2026","693","chromium","checkout/checkout.spec.ts","Checkout Flow","","","@regression Order overview displays tax","The tax line should be present on the order overview page."
"passed","Thu Oct 01 12:21:48 UTC 2026","Thu Oct 01 12:21:49 UTC 2026","1074","firefox","products/products.spec.ts","Products Page","","","@regression Sort products price high to low","Price high-to-low sort should order products by descending price."
"passed","Thu Oct 01 12:20:55 UTC 2026","Thu Oct 01 12:20:56 UTC 2026","553","chromium","auth/login.spec.ts","Authentication","","","@smoke Login page displays logo","Verifies the Swag Labs logo is visible on the login page."
"passed","Thu Oct 01 12:21:19 UTC 2026","Thu Oct 01 12:21:19 UTC 2026","478","chromium","cart/cart.spec.ts","Shopping Cart","","","@regression Cart item prices match product page prices","The price shown in the cart should match the product listing price."
"passed","Thu Oct 01 12:21:29 UTC 2026","Thu Oct 01 12:21:31 UTC 2026","2379","firefox","auth/login.spec.ts","Authentication","","","@regression Locked out user cannot login","Locked out user should see an error and remain on the login page."
"passed","Thu Oct 01 12:21:42 UTC 2026","Thu Oct 01 12:21:43 UTC 2026","1258","firefox","checkout/checkout.spec.ts","Checkout Flow","","","@regression Order overview displays item total","Item subtotal on overview should reflect the backpack price of $29.99."
"passed","Thu Oct 01 12:21:49 UTC 2026","Thu Oct 01 12:21:50 UTC 2026","937","firefox","products/products.spec.ts","Products Page","","","@regression Remove product from cart updates badge","Removing the only cart item should clear the cart badge entirely."
"passed","Thu Oct 01 12:21:00 UTC 2026","Thu Oct 01 12:21:02 UTC 2026","1137","chromium","products/products.spec.ts","Products Page","","","@smoke Products page shows 6 products","The inventory page must display exactly 6 products."
"passed","Thu Oct 01 12:21:41 UTC 2026","Thu Oct 01 12:21:42 UTC 2026","1121","firefox","checkout/checkout.spec.ts","Checkout Flow","","","@regression Missing postal code shows error","Submitting checkout without a postal code should show a validation error."
"passed","Thu Oct 01 12:21:20 UTC 2026","Thu Oct 01 12:21:21 UTC 2026","595","chromium","cart/cart.spec.ts","Shopping Cart","","","@regression Removing one item leaves others intact","Removing one item should not affect other items in the cart."
